Nuclide Name,ZAID,ORION ID,Parent 16 ZAID,Parent 17 ZAID,Parent 102 ZAID,Parent 103 ZAID,Parent(M) 16 ZAID,Parent(2M) 16 ZAID,Parent(M) 17 ZAID,Parent(2M) 17 ZAID,Parent(M) 102 ZAID,Parent(2M) 102 ZAID,Parent(M) 103 ZAID,Parent(2M) 103 ZAID
NA24(1),110241,42,NA,NA,110230,120240,NA,NA,NA,NA,NA,NA,NA,NA
AL24(1),130241,60,NA,130260,NA,NA,NA,NA,NA,NA,NA,NA,NA,NA
AL26(1),130261,63,130270,NA,NA,NA,NA,NA,NA,NA,NA,NA,NA,NA
CL34(1),170341,94,170350,170360,NA,NA,NA,NA,NA,NA,NA,NA,NA,NA
CL38(1),170381,97,NA,NA,170370,180380,NA,NA,NA,NA,NA,NA,NA,NA
K38(1),190381,118,190390,190400,NA,NA,NA,NA,NA,NA,NA,NA,NA,NA
SC42(1),210421,143,NA,210441,NA,NA,NA,NA,NA,NA,NA,NA,NA,NA
SC44(1),210441,146,210450,210460,NA,220440,NA,NA,NA,NA,NA,NA,NA,NA
SC45(1),210451,147,210460,210470,NA,220450,NA,NA,NA,NA,210441,NA,NA,NA
SC46(1),210461,149,210470,210480,210450,220460,NA,NA,NA,NA,NA,NA,NA,NA
SC50(1),210501,154,NA,NA,NA,220500,NA,NA,NA,NA,NA,NA,NA,NA
MN50(1),250501,187,NA,250520,NA,NA,NA,NA,NA,NA,NA,NA,NA,NA
MN52(1),250521,190,250530,250540,NA,260520,NA,NA,NA,NA,NA,NA,NA,NA
MN58(1),250581,196,NA,NA,NA,260580,NA,NA,NA,NA,NA,NA,NA,NA
FE52(1),260521,202,NA,260540,NA,NA,NA,NA,NA,NA,NA,NA,NA,NA
FE53(1),260531,204,260540,260550,260520,NA,NA,NA,NA,NA,NA,NA,NA,NA
CO54(1),270541,214,270550,270560,NA,NA,NA,NA,NA,NA,NA,NA,NA,NA
CO58(1),270581,219,270590,270600,270570,280580,NA,NA,NA,NA,NA,NA,NA,NA
CO60(1),270601,221,NA,NA,270590,280600,NA,NA,NA,NA,NA,NA,NA,NA
CO62(1),270621,224,NA,NA,NA,280620,NA,NA,NA,NA,NA,NA,NA,NA
CU68(1),290681,250,NA,NA,290670,300680,NA,NA,NA,NA,NA,NA,NA,NA
CU70(1),290701,253,NA,NA,NA,300700,NA,NA,NA,NA,NA,NA,NA,NA
ZN69(1),300691,269,300700,NA,300680,310690,NA,NA,NA,NA,NA,NA,NA,NA
ZN71(1),300711,271,300720,NA,300700,310710,NA,NA,NA,NA,NA,NA,NA,NA
ZN73(1),300731,274,NA,NA,300720,NA,NA,NA,NA,NA,NA,NA,NA,NA
GA72(1),310721,292,NA,NA,310710,320720,NA,NA,NA,NA,NA,NA,NA,NA
GA74(1),310741,295,NA,NA,NA,320740,NA,NA,NA,NA,NA,NA,NA,NA
GE71(1),320711,313,320720,320730,320700,330710,NA,NA,NA,NA,NA,NA,NA,NA
GE73(1),320731,314,320740,NA,320740,330730,NA,NA,NA,NA,NA,NA,NA,NA
GE75(1),320751,316,320760,320770,320740,330750,NA,NA,NA,NA,NA,NA,NA,NA
GE77(1),320771,318,NA,NA,320760,330770,NA,NA,NA,NA,NA,NA,NA,NA
AS82(1),330821,347,NA,NA,NA,340820,NA,NA,NA,NA,NA,NA,NA,NA
SE73(1),340731,360,340760,340770,340720,NA,NA,NA,NA,NA,NA,NA,NA,NA
SE77(1),340771,362,340780,340790,340760,350770,NA,NA,NA,NA,NA,NA,NA,NA
SE79(1),340791,364,340800,NA,340780,350790,NA,NA,NA,NA,NA,NA,NA,NA
SE81(1),340811,366,340820,NA,340800,350810,NA,NA,NA,NA,NA,NA,NA,NA
SE83(1),340831,369,NA,NA,340820,NA,NA,NA,NA,NA,NA,NA,NA,NA
BR74(1),350741,383,NA,350760,NA,NA,NA,NA,NA,NA,NA,NA,NA,NA
BR76(1),350761,386,350770,NA,NA,350760,NA,NA,NA,NA,NA,NA,NA,NA
BR77(1),350771,388,NA,350790,350760,NA,NA,NA,NA,NA,NA,NA,NA,NA
BR79(1),350791,390,NA,350810,NA,360790,NA,NA,NA,NA,NA,NA,NA,NA
BR80(1),350801,392,350810,350820,350790,360800,NA,NA,NA,NA,NA,NA,NA,NA
BR82(1),350821,394,NA,NA,350810,360830,NA,NA,NA,NA,NA,NA,NA,NA
BR84(1),350841,397,NA,NA,NA,360840,NA,NA,NA,NA,NA,NA,NA,NA
KR79(1),360791,416,360800,360810,360780,NA,NA,NA,NA,NA,NA,NA,NA,NA
KR81(1),360811,418,360820,360830,360800,NA,NA,NA,NA,NA,NA,NA,NA,NA
KR83(1),360831,419,360840,360850,360820,370850,NA,NA,NA,NA,NA,NA,NA,NA
KR85(1),360851,421,360860,NA,360840,370850,NA,NA,NA,NA,NA,NA,NA,NA
RB81(1),370811,440,370821,370830,NA,NA,NA,NA,NA,NA,NA,NA,NA,NA
RB82(1),370821,442,370830,370840,NA,380820,NA,NA,NA,NA,NA,NA,NA,NA
RB84(1),370841,445,370850,370860,370830,380860,NA,NA,NA,NA,NA,NA,NA,NA
RB86(1),370861,447,370870,NA,370850,380860,NA,NA,NA,NA,NA,NA,NA,NA
RB90(1),370910,452,NA,NA,NA,380910,NA,NA,NA,NA,NA,NA,NA,NA
SR83(1),380831,471,380840,380850,380820,NA,NA,NA,NA,NA,NA,NA,NA,NA
SR85(1),380851,473,380860,380870,380840,NA,NA,NA,NA,NA,NA,NA,NA,NA
SR87(1),380871,474,380880,380890,380860,390970,NA,NA,NA,NA,NA,NA,390871,NA
Y84(1),390841,495,NA,390860,NA,NA,NA,NA,NA,NA,NA,NA,NA,NA
Y85(1),390851,497,390860,390870,NA,NA,NA,NA,390871,NA,NA,NA,NA,NA
Y86(1),390861,499,390870,390880,NA,400860,390871,NA,NA,NA,NA,NA,NA,NA
Y87(1),390871,501,390880,390890,390860,NA,NA,NA,NA,NA,NA,NA,NA,NA
Y89(1),390891,503,390900,390910,390880,400890,NA,NA,NA,NA,NA,NA,NA,NA
Y90(1),390910,506,NA,390910,390900,400900,NA,NA,NA,NA,NA,NA,NA,NA
Y91(1),390911,507,NA,390930,390910,400910,NA,NA,NA,NA,NA,NA,NA,NA
Y93(1),390931,510,NA,NA,NA,400930,NA,NA,NA,NA,NA,NA,NA,NA
Y96(1),390961,514,NA,NA,NA,400960,NA,NA,NA,NA,NA,NA,NA,NA
Y97(1),390971,516,NA,NA,NA,400970,NA,NA,NA,NA,NA,NA,NA,NA
ZR85(1),400851,529,400860,NA,NA,NA,NA,NA,NA,NA,NA,NA,NA,NA
ZR87(1),400871,532,400880,400890,400860,NA,NA,NA,NA,NA,NA,NA,NA,NA
ZR89(1),400891,535,400900,400910,400880,NA,NA,NA,NA,NA,NA,NA,NA,NA
ZR90(1),400901,536,400910,400920,400890,410900,NA,NA,NA,NA,NA,NA,NA,NA
NB88(1),410891,552,NA,410900,NA,NA,NA,NA,NA,NA,NA,NA,NA,NA
NB89(1),410891,554,410900,410910,NA,NA,NA,NA,410911,NA,NA,NA,NA,NA
NB90(1),410901,556,410910,410920,NA,NA,410911,NA,410921,NA,NA,NA,NA,NA
NB91(1),410911,558,410920,410930,410900,NA,410921,NA,410931,NA,NA,NA,NA,NA
NB92(1),410921,560,410930,410940,410910,420920,410931,NA,NA,NA,410911,NA,NA,NA
NB93(1),410931,561,410940,410950,410920,420930,NA,NA,410951,NA,410921,NA,420930,NA
NB94(1),410941,563,410950,410960,410930,420940,410951,NA,NA,NA,410931,NA,NA,NA
NB95(1),410951,565,410960,NA,410940,420950,NA,NA,NA,NA,NA,NA,NA,NA
NB97(1),410971,568,NA,NA,410960,420970,NA,NA,NA,NA,NA,NA,NA,NA
NB98(1),410981,570,NA,NA,NA,420980,NA,NA,NA,NA,NA,NA,NA,NA
NB99(1),410991,572,NA,NA,NA,420990,NA,NA,NA,NA,NA,NA,NA,NA
NB100(1),411001,574,NA,NA,NA,421000,NA,NA,NA,NA,NA,NA,NA,NA
MO91(1),420911,589,420920,420930,NA,NA,NA,NA,420931,NA,NA,NA,NA,NA
MO93(1),420931,591,420940,420950,420920,NA,NA,NA,NA,NA,NA,NA,NA,NA
TC93(1),430931,607,NA,430950,NA,NA,NA,NA,430951,NA,NA,NA,NA,NA
TC94(1),430941,609,430950,430960,NA,NA,430951,NA,NA,NA,NA,NA,NA,NA
TC95(1),430951,611,430960,430970,NA,NA,NA,NA,430971,NA,NA,NA,NA,NA
TC96(1),430961,613,430970,430980,430950,440960,430971,NA,NA,NA,430951,NA,NA,NA
TC97(1),430971,615,430980,430990,430960,440970,NA,NA,430991,NA,NA,NA,NA,NA
TC99(1),430991,618,NA,NA,430980,440990,NA,NA,NA,NA,NA,NA,NA,NA
TC102(1),431021,622,NA,NA,NA,441020,NA,NA,NA,NA,NA,NA,NA,NA
RH97(1),450971,659,NA,450990,NA,NA,NA,NA,450991,NA,NA,NA,NA,NA
RH98(1),450981,661,450990,451000,NA,NA,450991,NA,NA,NA,NA,NA,NA,NA
RH99(1),450991,663,451000,451010,NA,NA,NA,NA,451011,NA,NA,NA,NA,NA
RH100(1),451001,665,451010,451020,450990,461000,451011,NA,451021,NA,450991,NA,NA,NA
RH101(1),451011,667,451020,451030,451000,461010,451021,NA,NA,NA,NA,NA,NA,NA
RH102(1),451021,669,451030,NA,451010,46102,NA,NA,NA,NA,451011,NA,NA,NA
RH103(1),451031,670,NA,451050,451020,461040,NA,NA,NA,NA,451021,NA,NA,NA
RH104(1),451041,672,451050,NA,451030,461040,NA,NA,NA,NA,NA,NA,NA,NA
RH105(1),451051,674,NA,NA,NA,461050,NA,NA,NA,NA,NA,NA,NA,NA
RH106(1),451061,676,NA,NA,451050,461060,NA,NA,NA,NA,NA,NA,NA,NA
RH108(1),451081,679,NA,NA,NA,461080,NA,NA,NA,NA,NA,NA,NA,NA
RH110(1),451101,682,NA,NA,NA,461100,NA,NA,NA,NA,NA,NA,NA,NA
PD107(1),461071,701,461080,461090,461060,471070,NA,NA,NA,NA,NA,NA,NA,NA
PD109(1),461091,703,NA,461100,461080,471090,NA,NA,NA,NA,NA,NA,NA,NA
PD111(1),461111,705,461120,NA,461100,471110,NA,NA,NA,NA,NA,NA,NA,NA
PD113(1),461131,708,NA,NA,461120,NA,NA,NA,NA,NA,NA,NA,NA,NA
AG103(1),471031,728,NA,371050,NA,NA,NA,NA,NA,NA,NA,NA,NA,NA
AG104(1),471041,730,471050,NA,NA,NA,471061,NA,NA,NA,NA,NA,NA,NA
AG105(1),471051,732,NA,471070,NA,NA,471061,NA,NA,NA,NA,NA,NA,NA
AG106(1),471061,734,471070,NA,471050,481060,NA,NA,471081,NA,NA,NA,NA,NA
AG107(1),471071,735,NA,471090,NA,481070,471081,NA,NA,NA,471061,NA,NA,NA
AG108(1),471081,737,471090,NA,471070,481080,NA,NA,471101,NA,NA,NA,NA,NA
AG109(1),471091,738,NA,471110,NA,481090,471101,NA,NA,NA,471081,NA,NA,NA
AG110(1),471101,740,471110,NA,471090,481100,NA,NA,NA,NA,NA,NA,NA,NA
AG111(1),471111,742,NA,NA,NA,481110,NA,NA,NA,NA,471101,NA,NA,NA
AG113(1),471131,745,NA,NA,NA,481130,NA,NA,NA,NA,NA,NA,481131,NA
AG114(1),471141,747,NA,NA,NA,481140,NA,NA,NA,NA,NA,NA,NA,NA
AG115(1),471151,749,NA,NA,NA,481150,NA,NA,NA,NA,NA,NA,481151,NA
AG116(1),471161,751,NA,NA,NA,481160,NA,NA,NA,NA,NA,NA,NA,NA
CD111(1),481111,774,481120,481130,481100,491110,NA,NA,481131,NA,NA,NA,NA,NA
CD113(1),481131,776,481140,481150,481120,491130,NA,NA,481151,NA,NA,NA,NA,NA
CD115(1),481151,778,481160,NA,481140,491150,NA,NA,NA,NA,NA,NA,NA,NA
CD117(1),481171,780,NA,NA,481160,NA,NA,NA,NA,NA,NA,NA,NA,NA
IN109(1),491091,807,NA,491110,NA,NA,NA,NA,NA,NA,NA,NA,NA,NA
IN109(2),491092,808,NA,491110,NA,NA,NA,NA,NA,NA,NA,NA,NA,NA
IN110(1),491101,810,491110,NA,NA,NA,NA,NA,NA,NA,NA,NA,NA,NA
IN111(1),491111,812,NA,491130,NA,NA,NA,NA,NA,NA,NA,NA,NA,NA
IN112(1),491121,814,491130,NA,491110,501120,NA,NA,491141,NA,NA,NA,NA,NA
IN113(1),491131,815,NA,491150,NA,501130,491141,NA,NA,NA,NA,NA,NA,NA
IN114(1),491141,817,491150,NA,491130,501140,NA,NA,NA,NA,NA,NA,NA,NA
IN115(1),491151,820,NA,NA,NA,501150,491141,NA,NA,NA,NA,NA,NA,NA
IN116(1),491161,822,NA,NA,491150,501160,NA,NA,NA,NA,NA,NA,NA,NA
IN116(2),491162,823,NA,NA,491150,501160,NA,NA,NA,NA,NA,NA,NA,NA
IN117(1),491171,825,NA,NA,NA,501170,NA,NA,NA,NA,NA,NA,501171,NA
IN118(1),491181,827,NA,NA,NA,501180,NA,NA,NA,NA,NA,NA,NA,NA
IN118(2),491182,828,NA,NA,NA,501180,NA,NA,NA,NA,NA,NA,NA,NA
IN119(1),491190,830,NA,NA,NA,501190,NA,NA,NA,NA,NA,NA,501191,NA
IN120(1),491201,832,NA,NA,NA,501200,NA,NA,NA,NA,NA,NA,NA,NA
IN120(2),491202,833,NA,NA,NA,501200,NA,NA,NA,NA,NA,NA,NA,NA
IN121(1),491211,835,NA,NA,NA,501210,NA,NA,NA,NA,NA,NA,501211,NA
IN122(1),491221,837,NA,NA,NA,501220,NA,NA,NA,NA,NA,NA,NA,NA
IN122(2),491222,838,NA,NA,NA,501220,NA,NA,NA,NA,NA,NA,NA,NA
IN123(1),491231,840,NA,NA,NA,501230,NA,NA,NA,NA,NA,NA,NA,NA
IN124(1),491241,842,NA,NA,NA,501240,NA,NA,NA,NA,NA,NA,NA,NA
IN125(1),491251,844,NA,NA,NA,501250,NA,NA,NA,NA,NA,NA,NA,NA
IN126(1),491261,846,NA,NA,NA,501260,NA,NA,NA,NA,NA,NA,NA,NA
SN113(1),501131,868,501140,501150,501120,NA,NA,NA,NA,NA,NA,NA,NA,NA
SN117(1),501171,869,501180,501190,501160,NA,NA,NA,501191,NA,NA,NA,NA,NA
SN119(1),501191,870,501200,501210,501180,511190,NA,NA,501211,NA,NA,NA,NA,NA
SN121(1),501211,872,501220,501230,501200,511210,NA,NA,NA,NA,NA,NA,NA,NA
SN123(1),501231,874,501240,501250,501220,511230,NA,NA,NA,NA,NA,NA,NA,NA
SN125(1),501251,876,501260,NA,501240,511250,NA,NA,NA,NA,NA,NA,NA,NA
SN127(1),501271,879,NA,NA,501260,511270,NA,NA,NA,NA,NA,NA,NA,NA
SN128(1),501281,881,NA,NA,NA,511280,NA,NA,NA,NA,NA,NA,NA,NA
SB118(1),511181,905,511190,511201,NA,521191,NA,NA,NA,NA,NA,NA,NA,NA
SB120(1),511201,908,511210,511220,511190,521200,NA,NA,NA,NA,NA,NA,NA,NA
SB122(1),511221,910,511230,511240,511210,521220,NA,NA,NA,NA,NA,NA,NA,NA
SB124(1),511241,912,511250,511260,511230,521240,NA,NA,NA,NA,NA,NA,NA,NA
SB124(2),511242,913,511250,511260,511230,521240,NA,NA,NA,NA,NA,NA,NA,NA
SB126(1),511261,916,511270,511280,511250,521260,NA,NA,NA,NA,NA,NA,NA,NA
SB126(2),511252,917,511270,511280,511250,521260,NA,NA,NA,NA,NA,NA,NA,NA
SB128(1),511281,920,NA,NA,511270,521280,NA,NA,NA,NA,NA,NA,NA,NA
SB129(1),511291,922,NA,NA,511280,521290,NA,NA,NA,NA,NA,NA,521291,NA
SB130(1),511301,924,NA,NA,NA,521300,NA,NA,NA,NA,NA,NA,NA,NA
SB132(1),511321,927,NA,NA,NA,521320,NA,NA,NA,NA,NA,NA,NA,NA
TE117(1),521171,946,521180,521190,NA,NA,NA,NA,521191,NA,NA,NA,NA,NA
TE119(1),521191,949,521200,521210,521180,NA,NA,NA,521211,NA,NA,NA,NA,NA
TE121(1),521211,951,521220,521230,521200,NA,NA,NA,521231,NA,NA,NA,NA,NA
TE123(1),521231,953,521240,521250,521220,531230,NA,NA,521251,NA,NA,NA,NA,NA
TE125(1),521251,954,521260,521270,521240,531250,NA,NA,521271,NA,NA,NA,NA,NA
TE127(1),521271,956,521280,521290,521260,531270,NA,NA,521291,NA,NA,NA,NA,NA
TE129(1),521291,958,521300,NA,521280,531290,NA,NA,521311,NA,NA,NA,NA,NA
TE131(1),521311,960,521320,NA,521300,531310,NA,NA,NA,NA,NA,NA,NA,NA
TE133(1),521331,963,NA,NA,521320,531330,NA,NA,NA,NA,NA,NA,NA,NA
I130(1),531301,994,531310,NA,531290,541300,NA,NA,NA,NA,NA,NA,NA,NA
I132(1),531321,997,NA,531350,NA,541330,NA,NA,NA,NA,NA,NA,541331,NA
I133(1),531331,999,NA,531350,NA,541330,NA,NA,NA,NA,NA,NA,541331,NA
I134(1),531341,1001,531350,NA,531330,541340,NA,NA,NA,NA,NA,NA,NA,NA
I136(1),531361,1004,NA,NA,531350,541360,NA,NA,NA,NA,NA,NA,NA,NA
XE125(1),541251,1026,541260,541270,541240,NA,NA,NA,NA,NA,NA,NA,NA,NA
XE127(1),541271,1028,541280,541290,541260,551270,NA,NA,541291,NA,NA,NA,NA,NA
XE129(1),541291,1029,541300,541310,541280,551290,NA,NA,541311,NA,NA,NA,NA,NA
XE131(1),541311,1030,541320,541330,541300,551310,NA,NA,541331,NA,NA,NA,NA,NA
XE133(1),541331,1032,541340,541350,541320,551330,NA,NA,NA,NA,NA,NA,NA,NA
XE134(1),541341,1033,541350,541360,541330,551340,NA,NA,NA,NA,541331,NA,NA,NA
XE135(1),541351,1035,541360,NA,541340,551350,NA,NA,NA,NA,NA,NA,NA,NA
CS134(1),551341,1070,551350,551360,551330,561340,NA,NA,NA,NA,NA,NA,NA,NA
CS135(1),551351,1072,551360,551370,551340,561350,NA,NA,NA,NA,NA,NA,561351,NA
CS136(1),551361,1074,551370,NA,551350,561360,NA,NA,NA,NA,NA,NA,NA,NA
CS138(1),551381,1077,NA,NA,551370,561380,NA,NA,NA,NA,NA,NA,NA,NA
BA129(1),561291,1098,561300,561310,561280,NA,NA,NA,NA,NA,NA,NA,NA,NA
BA131(1),561311,1101,561320,561330,561300,NA,NA,NA,561331,NA,NA,NA,NA,NA
BA133(1),561331,1103,561340,561350,561320,NA,NA,NA,561351,NA,NA,NA,NA,NA
BA135(1),561351,1104,561360,561370,561340,571350,NA,NA,NA,NA,NA,NA,NA,NA
BA136(1),561361,1105,561370,561380,561350,NA,NA,NA,NA,NA,561351,NA,NA,NA
BA137(1),561371,1106,561380,561390,561360,571370,NA,NA,NA,NA,NA,NA,NA,NA
LA136(1),571361,1133,571370,571380,571350,581360,NA,NA,NA,NA,NA,NA,NA,NA
CE133(1),581331,1154,581340,581350,NA,NA,NA,NA,NA,NA,NA,NA,NA,NA
CE135(1),581351,1157,581360,581370,581340,NA,NA,NA,581371,NA,NA,NA,NA,NA
CE137(1),581371,1159,581380,581390,581360,NA,NA,NA,NA,NA,NA,NA,NA,NA
CE139(1),581391,1162,581400,581410,581380,NA,NA,NA,NA,NA,NA,NA,NA,NA
PR142(1),591421,1186,591430,NA,591410,601420,NA,NA,NA,NA,NA,NA,NA,NA
PR144(1),591441,1189,NA,NA,591430,601440,NA,NA,NA,NA,NA,NA,NA,NA
PR148(1),591481,1194,NA,NA,NA,601480,NA,NA,NA,NA,NA,NA,NA,NA
ND139(1),601391,1209,601400,601410,NA,NA,NA,NA,NA,NA,NA,NA,NA,NA
ND141(1),601411,1212,601420,601430,601400,NA,NA,NA,NA,NA,NA,NA,NA,NA
PM148(1),611481,1240,611490,611500,611470,621480,NA,NA,NA,NA,NA,NA,NA,NA
PM152(1),611521,1245,NA,NA,611510,621520,NA,NA,NA,NA,NA,NA,NA,NA
PM152(2),611522,1246,NA,NA,611510,621520,NA,NA,NA,NA,NA,NA,NA,NA
PM154(1),611541,1249,NA,NA,NA,621540,NA,NA,NA,NA,NA,NA,NA,NA
SM143(1),621431,1263,621440,621450,NA,NA,NA,NA,NA,NA,NA,NA,NA,NA
EU150(1),631501,1296,631510,631520,631490,641500,NA,NA,631521,NA,NA,NA,NA,NA
EU152(1),631521,1298,631530,631540,631510,641520,NA,NA,NA,NA,NA,NA,NA,NA
EU152(2),631522,1299,631530,631540,631510,641520,NA,NA,NA,NA,NA,NA,NA,NA
EU154(1),631541,1301,631550,631560,631530,641540,NA,NA,NA,NA,NA,NA,NA,NA
GD145(1),641451,1316,641460,641470,NA,NA,NA,NA,NA,NA,NA,NA,NA,NA
TB149(1),651491,1341,651510,NA,NA,NA,NA,NA,NA,NA,NA,NA,NA,NA
TB150(1),651501,1343,651510,651520,NA,NA,NA,NA,NA,NA,NA,NA,NA,NA
TB151(1),651511,1345,651520,651530,NA,NA,NA,NA,NA,NA,NA,NA,NA,NA
TB152(1),651521,1347,651530,651540,651510,NA,NA,NA,651541,651542,NA,NA,NA,NA
TB154(1),651541,1350,651550,651560,651530,661540,NA,NA,651561,651562,NA,NA,NA,NA
TB154(2),651542,1351,651550,651560,651530,661540,NA,NA,651561,651562,NA,NA,NA,NA
TB156(1),651561,1354,651570,651580,651550,661560,NA,NA,NA,NA,NA,NA,NA,NA
TB156(2),651562,1355,651570,651580,651550,661560,NA,NA,NA,NA,NA,NA,NA,NA
TB158(1),651581,1358,651590,651600,651570,661580,NA,NA,NA,NA,NA,NA,NA,NA
DY165(1),661651,1382,661660,NA,661640,671650,NA,NA,NA,NA,NA,NA,NA,NA
HO160(1),671611,1411,NA,NA,NA,681600,NA,NA,NA,NA,NA,NA,NA,NA
HO161(1),671611,1413,NA,671630,NA,681610,NA,NA,NA,NA,NA,NA,NA,NA
HO162(1),671621,1415,671630,671640,NA,681620,NA,NA,671641,NA,NA,NA,NA,NA
HO163(1),671631,1417,671640,671650,NA,NA,671641,NA,NA,NA,NA,NA,NA,NA
HO164(1),671641,1419,671650,671660,671630,681640,NA,NA,671661,NA,NA,NA,NA,NA
HO166(1),671661,1421,NA,NA,671650,681660,NA,NA,NA,NA,NA,NA,NA,NA
HO170(1),671701,1426,NA,NA,NA,681700,NA,NA,NA,NA,NA,NA,NA,NA
ER167(1),681671,1444,681680,681690,681660,691670,NA,NA,NA,NA,NA,NA,NA,NA
TM164(1),691641,1469,691650,691660,NA,NA,NA,NA,NA,NA,NA,NA,NA,NA
YB169(1),701681,1498,701700,701710,701680,711690,NA,NA,NA,NA,NA,NA,NA,NA
YB176(1),701761,1500,NA,NA,701750,711760,NA,NA,NA,NA,NA,NA,NA,NA
YB177(1),701771,1502,NA,NA,701760,711770,NA,NA,NA,NA,NA,NA,711771,NA
LU168(1),711681,1525,711690,711700,NA,NA,NA,NA,NA,NA,NA,NA,NA,NA
LU169(1),711691,1527,711700,711710,NA,NA,NA,NA,NA,NA,NA,NA,NA,NA
LU170(1),711701,1529,711710,711720,711690,721700,NA,NA,NA,NA,NA,NA,NA,NA
LU171(1),711711,1531,711720,711730,711700,721710,NA,NA,NA,NA,NA,NA,NA,NA
LU172(1),711730,1533,711730,711740,711710,721720,NA,NA,711741,NA,NA,NA,NA,NA
LU174(1),711741,1536,711750,711760,711730,721740,NA,NA,NA,NA,NA,NA,NA,NA
LU176(1),711761,1538,711770,NA,711750,721760,711771,NA,NA,NA,NA,NA,NA,NA
LU177(1),711771,1540,NA,NA,711760,721770,NA,NA,NA,NA,NA,NA,NA,NA
LU178(1),711781,1542,NA,NA,711770,721780,NA,NA,NA,NA,711771,NA,NA,721782
HF177(1),721771,1568,721780,721790,721760,731770,NA,721782,NA,721792,NA,NA,NA,NA
HF177(2),721772,1569,721780,721790,721760,731770,NA,721782,NA,721792,NA,NA,NA,NA
HF178(1),721781,1570,721790,721800,721770,NA,NA,721792,721801,NA,NA,NA,NA,NA
HF178(2),721782,1571,721790,721800,721770,NA,NA,721792,721801,NA,NA,NA,NA,NA
HF179(1),721791,1572,721800,721810,721780,731790,721801,NA,NA,NA,NA,721782,NA,NA
HF179(2),721792,1573,721800,721810,721780,731790,721801,NA,NA,NA,NA,721782,NA,NA
HF180(1),721801,1574,721810,721820,721790,731800,NA,NA,NA,NA,NA,721792,731801,NA
HF182(1),721821,1577,NA,NA,721810,731820,NA,NA,NA,NA,NA,NA,NA,NA
TA178(1),731781,1599,731790,731800,731770,741780,NA,NA,731801,NA,NA,NA,NA,NA
TA182(1),731821,1603,731830,731840,731810,741820,NA,NA,NA,NA,NA,NA,NA,NA
TA182(2),731822,1604,731830,731840,731810,741820,NA,NA,NA,NA,NA,NA,NA,NA
W179(1),741791,1626,741800,741810,741780,NA,NA,NA,NA,NA,NA,NA,NA,NA
W183(1),741831,1628,741840,741850,741820,751830,NA,NA,NA,NA,NA,NA,NA,NA
W185(1),741851,1630,741860,741870,741840,751850,NA,NA,NA,NA,NA,NA,NA,NA
RE182(1),751821,1655,751830,751840,751810,761820,NA,NA,751841,NA,NA,NA,NA,NA
RE184(1),751841,1659,751850,751860,751830,761840,NA,NA,751861,NA,NA,NA,NA,NA
RE186(1),751861,1661,751870,751880,751850,761860,NA,NA,NA,NA,NA,NA,NA,NA
RE188(1),751881,1664,751890,NA,751870,761880,NA,NA,NA,NA,NA,NA,NA,NA
RE190(1),751901,1667,NA,NA,751890,761900,NA,NA,NA,NA,NA,NA,NA,NA
OS181(1),761811,1684,761820,761830,NA,NA,NA,NA,761831,NA,NA,NA,NA,NA
OS183(1),761831,1687,761840,761850,761820,NA,NA,NA,NA,NA,NA,NA,NA,NA
OS189(1),761891,1690,761900,761910,761880,771890,NA,NA,761911,NA,NA,NA,NA,NA
OS190(1),761901,1691,761910,761920,761890,771900,761911,NA,NA,NA,NA,NA,NA,NA
OS191(1),761911,1693,761920,761930,761900,771910,NA,NA,NA,NA,NA,NA,NA,NA
OS192(1),761921,1694,761930,761940,761910,771920,NA,NA,NA,NA,761911,NA,NA,771922
IR186(1),771861,1715,771870,771880,771850,NA,NA,NA,NA,NA,NA,NA,NA,NA
IR190(1),771901,1720,771910,771920,771890,781900,NA,NA,NA,771922,NA,NA,NA,NA
IR190(2),771902,1721,771910,771920,771890,781900,NA,NA,NA,771922,NA,NA,NA,NA
IR191(1),771911,1722,771920,771930,771900,781910,NA,771922,771931,NA,NA,NA,NA,NA
IR192(1),771921,1724,771930,771940,771910,781920,771931,NA,NA,771942,NA,NA,NA,NA
IR192(2),771922,1725,771930,771940,771910,781920,771931,NA,NA,771942,NA,NA,NA,NA
IR193(1),771931,1726,771940,NA,771920,781930,NA,771942,NA,NA,NA,771922,781931,NA
IR194(1),771941,1728,NA,NA,771930,781940,NA,NA,771961,NA,771931,NA,NA,NA
IR194(2),771942,1729,NA,NA,771930,781940,NA,NA,771961,NA,771931,NA,NA,NA
IR195(1),771951,1731,NA,NA,771940,781950,771961,NA,NA,NA, NA,771942,781951,NA
IR196(1),771961,1732,NA,NA,NA,781960,NA,NA,NA,NA,NA,NA,NA,NA
PT193(1),781931,1760,781940,781950,781920,791930,NA,NA,781951,NA,NA,NA,NA,NA
PT195(1),781951,1761,781960,781970,781940,791950,NA,NA,NA,NA,NA,NA,NA,NA
PT197(1),781971,1763,781980,NA,781960,791970,NA,NA,NA,NA,NA,NA,NA,NA
PT199(1),781990,1764,782000,NA,781980,791990,NA,NA,NA,NA,NA,NA,NA,NA
AU191(1),791911,1786,NA,791930,NA,NA,NA,NA,NA,NA,NA,NA,NA,NA
AU192(1),791920,1786,NA,791930,NA,NA,NA,NA,NA,NA,NA,NA,NA,NA
AU193(1),791931,1790,791940,791950,NA,801930,NA,NA,NA,NA,NA,NA,801931,NA
AU194(1),791941,1792,791950,791960,791930,801940,NA,NA,NA,791962,NA,NA,NA,NA
AU194(2),791942,1793,791950,791960,791930,801940,NA,NA,NA,791962,NA,NA,NA,NA
AU195(1),791951,1795,791960,791970,791940,801950,NA,791962,NA,NA,NA,NA,801951,NA
AU196(1),791961,1797,791970,791980,791950,801960,NA,NA,791981,NA,NA,NA,NA,NA
AU196(2),791962,1798,791970,791980,791950,801960,NA,NA,791981,NA,NA,NA,NA,NA
AU197(1),791971,1799,791980,791990,791960,801970,791981,NA,NA,NA,NA,791962,801971,NA
AU198(1),791981,1801,791990,NA,791970,801980,NA,NA,792001,NA,NA,NA,NA,NA
AU200(1),792001,1804,NA,NA,791990,802000,NA,NA,NA,NA,NA,NA,NA,NA
HG191(1),801911,1826,NA,801930,NA,NA,NA,NA,801931,NA,NA,NA,NA,NA
HG193(1),801931,1829,801940,801950,NA,NA,NA,NA,801951,NA,NA,NA,NA,NA
HG195(1),801951,1832,801960,801970,801940,NA,NA,NA,801971,NA,NA,NA,NA,NA
HG197(1),901971,1834,801980,801990,801960,NA,NA,NA,NA,NA,NA,NA,NA,NA
HG199(1),801991,1835,802000,802010,801980,811990,NA,NA,NA,NA,NA,NA,NA,NA
TL197(1),811971,1864,NA,811990,NA,NA,NA,NA,NA,NA,NA,NA,NA,NA
TL198(1),811981,1866,811990,812000,NA,NA,NA,NA,NA,NA,NA,NA,NA,NA
TL206(1),812061,1877,NA,NA,812050,822060,NA,NA,NA,NA,NA,NA,NA,NA
TL207(1),812071,1879,NA,NA,NA,822070,NA,NA,NA,NA,NA,NA,NA,NA
PB199(1),821991,1902,822000,822010,NA,NA,NA,NA,NA,NA,NA,NA,NA,NA
PB201(1),822011,1905,822020,822030,822000,NA,NA,NA,NA,NA,NA,NA,NA,NA
PB202(1),822021,1907,822030,822040,822010,NA,NA,NA,NA,NA,NA,NA,NA,NA
PB203(1),822031,1909,822040,822050,822020,832030,NA,NA,NA,NA,NA,NA,NA,NA
PB203(2),822032,1910,822040,822050,822020,832030,NA,NA,NA,NA,NA,NA,NA,NA
PB204(1),822041,1911,822050,822060,822030,832040,NA,NA,NA,NA,NA,NA,NA,NA
PB205(1),822051,1913,822060,822070,822040,832050,NA,NA,NA,NA,NA,NA,NA,NA
PB207(1),822071,1914,822080,822090,822060,832050,NA,NA,NA,NA,NA,NA,NA,NA
BI201(1),832011,1942,NA,832030,NA,NA,NA,NA,NA,NA,NA,NA,NA,NA
BI203(1),832031,1945,832040,832050,NA,NA,NA,NA,NA,NA,NA,NA,NA,NA
BI208(1),832081,1952,932090,832100,832070,842080,NA,NA,832101,NA,NA,NA,NA,NA
BI210(1),832101,1954,NA,NA,832090,842100,NA,NA,NA,NA,NA,NA,NA,NA
PO207(1),842071,1985,842080,842080,842060,NA,NA,NA,NA,NA,NA,NA,NA,NA
PO211(1),842111,1990,NA,NA,842100,852110,NA,NA,NA,NA,NA,NA,NA,NA
AT212(1),852121,2021,NA,NA,852110,NA,NA,NA,NA,NA,NA,NA,NA,NA
PA234(1),912341,2181,NA,NA,912330,922340,NA,NA,NA,NA,NA,NA,NA,NA
U235(1),922351,2196,922360,922370,NA,932350,NA,NA,NA,NA,NA,NA,NA,NA
NP236(1),932361,2210,932370,932380,932350,942360,NA,NA,NA,NA,NA,NA,NA,NA
NP240(1),932401,2215,NA,NA,932390,942410,NA,NA,NA,NA,NA,NA,NA,NA
AM242(1),952421,2239,952430,952440,952410,962420,NA,NA,NA,NA,NA,NA,NA,NA
AM244(1),952441,2242,NA,NA,NA,962440,NA,NA,NA,NA,NA,NA,NA,NA
AM246(1),952461,2245,NA,NA,NA,962440,NA,NA,NA,NA,NA,NA,NA,NA
BK248(1),972481,2267,972490,972500,972470,982480,NA,NA,NA,NA,NA,NA,NA,NA
TA180(1),731801,2516,731810,731820,731790,741800,NA,NA,NA,NA,NA,NA,NA,NA
